<?xml version="1.0" encoding="UTF-8"?>
<beans xmlns="http://www.springframework.org/schema/beans"
	xmlns:xsi="http://www.w3.org/2001/XMLSchema-instance"
	xsi:schemaLocation="http://www.springframework.org/schema/beans http://www.springframework.org/schema/beans/spring-beans.xsd">
	
	<!-- Root Context: defines shared resources visible to all other web components -->
	<!-- MyBatis(Maria DB)와 Spring 연결 -->
	<bean id="dataSource" class="org.springframework.jdbc.datasource.SimpleDriverDataSource">
		<property name="driverClass" value="org.mariadb.jdbc.Driver"/>
		<property name="url" value="jdbc:mariadb://13.209.161.83:3306/airquay"/>
		<property name="username" value="root"/>
		<property name="password" value="airquay1!"/>
	</bean>
<!--    <bean id="dataSource" class="net.sf.log4jdbc.Log4jdbcProxyDataSource"> -->
<!--         <constructor-arg ref="dataSourceSpied" /> -->
<!--         <property name="logFormatter"> -->
<!--             <bean class="net.sf.log4jdbc.tools.Log4JdbcCustomFormatter"> -->
<!--                 <property name="loggingType" value="MULTI_LINE" /> -->
<!--                 <property name="sqlPrefix" value="SQL :: "/> -->
<!--             </bean> -->
<!--         </property> -->
<!--     </bean> -->
   
<!--    <bean id="multipartResolver" class="org.springframework.web.multipart.commons.CommonsMultipartResolver"/> -->
   
   <!-- http://groups.google.com/group/ksug/browse_thread/thread/766cd1fd8ba39c96 -->
    <bean id="sqlSessionFactory" class="org.mybatis.spring.SqlSessionFactoryBean">
        <property name="dataSource" ref="dataSource" />        
        <property name="mapperLocations" value="classpath:mapper/*.xml" />
    </bean>
    
    <bean id="sqlSession" class="org.mybatis.spring.SqlSessionTemplate">
        <constructor-arg index="0" ref="sqlSessionFactory" />
   </bean>
   
   <bean id="transactionManager"
      class="org.springframework.jdbc.datasource.DataSourceTransactionManager">
      <property name="dataSource" ref="dataSource" />
   </bean>
</beans>
